pattern,sample_id,pixel_1,pixel_2,pixel_3,pixel_4,pixel_5,pixel_6,pixel_7,pixel_8,pixel_9,pixel_10,pixel_11,pixel_12,pixel_13,pixel_14,pixel_15,pixel_16,pixel_17,pixel_18,pixel_19,pixel_20,pixel_21,pixel_22,pixel_23,pixel_24,pixel_25
X,1,1,0,0,0,1,0,1,0,1,0,0,0,1,0,0,0,1,0,1,0,1,0,0,0,1
X,2,1,0,0,0,1,0,1,0,1,0,1,0,1,0,0,1,1,0,1,0,1,0,0,0,0
X,3,1,0,1,0,0,0,1,0,1,0,0,0,1,1,0,0,1,0,1,0,1,0,0,0,1
X,4,1,0,0,0,1,0,1,0,1,0,0,0,0,0,0,0,0,0,0,0,1,0,0,0,1
X,5,1,0,0,0,1,0,1,0,1,1,0,0,0,0,0,0,1,0,1,0,1,0,0,0,1
X,6,1,0,0,0,1,0,1,0,1,1,0,0,1,0,1,0,1,1,1,0,0,0,0,0,1
X,7,1,0,1,0,1,0,1,0,1,0,0,0,1,0,0,0,1,0,1,0,1,0,0,0,1
X,8,1,1,0,0,1,0,1,0,1,0,0,0,1,0,0,0,1,0,1,0,1,1,0,0,1
X,9,1,0,0,1,1,0,0,0,1,0,0,0,1,0,1,0,1,0,0,0,1,0,0,0,1
X,10,1,0,0,0,1,0,1,0,1,1,0,0,1,0,0,0,0,0,1,1,0,0,0,0,1
X,11,1,1,0,0,1,0,1,0,1,0,0,1,1,0,0,0,1,0,1,0,1,0,0,0,1
X,12,1,0,0,0,1,0,1,0,1,0,0,0,1,0,0,0,1,0,1,0,1,0,0,0,1
X,13,1,0,0,0,1,0,1,0,1,0,0,0,1,0,0,1,1,0,0,0,1,0,1,0,1
X,14,1,0,0,0,1,0,1,1,1,0,0,0,1,0,0,0,1,0,1,0,1,0,1,0,1
X,15,1,0,0,0,1,0,1,0,1,0,0,0,1,0,0,0,1,0,1,0,1,0,0,0,1
X,16,1,0,0,0,0,0,1,0,1,0,0,0,1,0,0,0,1,0,1,1,1,0,0,0,1
X,17,1,0,0,0,1,0,1,0,1,0,0,0,1,0,0,0,1,0,1,0,1,0,0,0,1
X,18,1,0,0,0,1,1,1,1,1,0,1,0,1,0,0,0,1,0,1,0,1,0,0,0,1
X,19,1,0,0,1,1,0,1,0,1,1,0,0,1,0,0,1,1,0,1,1,1,0,0,0,1
X,20,1,0,0,0,1,0,1,0,1,0,1,0,1,0,0,0,1,0,1,1,0,0,0,0,1
X,21,1,0,0,0,1,1,0,0,1,0,0,0,1,0,0,1,0,0,1,0,1,0,0,0,1
X,22,0,0,0,0,1,0,1,0,1,0,0,0,1,0,0,0,1,0,0,1,1,0,0,1,1
X,23,1,0,0,0,1,0,1,0,1,0,0,0,1,0,0,0,1,0,1,1,1,0,0,0,1
X,24,1,0,0,0,1,0,1,0,1,0,0,1,0,0,0,0,1,0,1,0,1,0,0,0,1
X,25,1,0,0,0,1,0,1,0,1,0,0,0,1,0,0,0,1,0,1,0,1,0,0,0,1
X,26,1,0,0,0,1,0,1,0,1,0,0,0,1,0,0,0,1,0,1,0,1,0,0,0,1
X,27,1,0,1,0,1,0,1,0,1,0,0,0,1,0,0,0,1,0,1,0,1,0,0,0,1
X,28,1,0,0,0,1,0,1,0,1,0,0,0,1,0,0,0,0,0,1,0,1,0,0,0,0
X,29,1,1,0,0,1,0,1,0,1,0,0,0,0,0,1,0,1,0,0,0,1,0,0,0,1
X,30,1,0,0,0,1,0,1,0,1,0,0,0,1,0,0,0,1,0,1,0,1,0,0,0,1
X,31,1,0,0,0,1,0,1,1,1,0,0,0,1,0,0,0,1,0,1,1,1,0,0,0,1
X,32,1,0,0,0,1,0,1,0,1,0,0,0,1,0,0,0,1,0,1,0,1,0,0,0,1
X,33,1,0,0,0,1,0,1,0,1,0,1,0,1,0,0,0,1,0,1,0,1,0,0,0,1
X,34,1,0,0,0,0,0,0,0,1,1,0,0,1,0,0,0,1,0,1,0,1,0,0,0,0
X,35,1,1,0,0,1,0,0,0,1,0,0,0,1,0,0,0,1,0,1,1,1,0,1,0,1
X,36,1,0,0,0,1,0,1,0,1,0,0,0,1,0,0,0,1,0,1,0,1,0,0,0,1
X,37,1,0,0,0,1,0,1,0,1,0,0,0,0,0,0,0,1,0,1,1,1,0,0,0,1
X,38,1,0,0,0,1,0,1,0,1,1,1,0,1,0,0,0,1,0,1,0,1,0,0,1,1
X,39,1,0,0,0,1,0,1,0,1,0,0,0,1,0,0,0,1,0,1,0,1,0,0,0,1
X,40,0,0,0,0,1,0,1,0,1,0,0,0,1,0,0,0,1,0,1,0,1,0,0,0,1
X,41,1,0,0,0,1,0,1,0,1,0,0,0,1,0,0,0,1,0,1,0,1,0,0,0,1
X,42,1,0,0,0,1,0,1,0,1,0,0,0,1,0,0,0,1,0,1,0,1,0,0,0,1
X,43,1,0,0,0,1,0,1,0,1,0,0,1,1,0,0,0,0,0,1,0,1,0,0,1,1
X,44,1,0,0,1,1,0,1,0,1,0,0,1,0,0,0,0,1,0,1,0,1,1,0,0,1
X,45,1,0,0,0,1,0,1,0,1,0,0,0,1,0,0,0,1,0,1,0,1,0,0,0,1
X,46,1,0,0,0,1,1,1,0,1,0,0,0,1,0,0,0,1,0,1,0,1,0,0,0,1
X,47,1,0,0,0,1,0,1,0,1,0,0,0,1,0,0,0,1,1,1,0,1,0,0,0,1
X,48,1,0,0,0,1,0,1,0,0,0,0,0,1,1,0,0,1,0,1,0,1,0,0,1,1
X,49,1,0,0,0,1,0,1,0,1,0,0,0,1,0,0,0,1,0,1,0,1,0,0,0,1
X,50,1,0,0,0,1,0,1,0,1,0,0,0,1,0,0,0,1,0,1,0,1,0,0,0,0
PLUS,1,0,0,1,0,0,0,0,1,0,0,1,1,1,1,1,0,0,1,0,0,0,0,0,0,0
PLUS,2,0,0,1,0,0,0,0,1,0,0,1,0,1,1,1,0,1,1,0,0,0,0,1,0,0
PLUS,3,0,0,1,0,0,0,1,1,0,0,1,1,1,1,1,0,0,1,0,1,0,0,0,0,0
PLUS,4,0,0,1,0,0,0,1,1,0,0,0,1,1,1,1,0,0,0,0,0,0,0,1,0,0
PLUS,5,0,0,1,1,0,0,0,1,0,0,1,1,1,1,1,0,0,1,0,0,0,1,1,0,0
PLUS,6,0,0,1,0,1,0,0,0,0,0,1,1,1,1,1,0,0,0,0,0,0,0,1,0,0
PLUS,7,0,0,1,0,1,0,0,1,0,0,1,0,1,1,1,0,0,1,0,0,0,0,1,0,0
PLUS,8,0,0,1,0,0,0,0,1,0,0,1,1,1,1,1,0,0,1,0,0,0,0,1,0,0
PLUS,9,0,0,1,0,0,0,0,1,0,0,1,0,1,1,1,0,1,0,0,0,0,0,1,0,0
PLUS,10,0,0,0,1,0,0,0,1,0,0,1,1,1,1,0,0,0,1,0,0,0,0,1,0,0
PLUS,11,0,0,1,0,0,0,0,1,0,0,1,1,1,1,1,0,0,1,0,0,0,0,1,0,0
PLUS,12,0,1,1,0,0,0,0,1,0,1,1,1,1,1,1,0,0,1,1,0,0,0,1,0,0
PLUS,13,0,0,1,0,0,0,0,1,0,0,1,1,1,1,1,0,0,1,0,0,0,0,1,0,0
PLUS,14,0,0,1,0,0,0,0,1,0,0,1,1,1,1,1,0,1,1,0,0,0,0,1,0,0
PLUS,15,0,0,1,0,0,0,0,1,0,0,1,1,1,1,1,0,0,1,0,0,0,0,1,0,0
PLUS,16,0,0,0,0,1,0,0,1,0,0,1,1,1,1,0,0,0,1,0,0,0,0,1,0,0
PLUS,17,0,0,1,0,0,0,0,1,0,0,1,1,1,1,1,0,0,1,0,0,0,0,1,1,0
PLUS,18,0,0,1,0,0,0,0,1,1,0,0,1,0,1,1,1,0,1,0,0,0,0,1,0,0
PLUS,19,0,0,1,0,0,0,0,1,0,0,1,1,1,1,1,0,0,1,0,0,0,0,1,0,0
PLUS,20,0,0,1,0,0,0,0,1,0,1,1,0,1,1,1,0,0,1,0,1,0,0,1,1,0
PLUS,21,0,0,1,0,0,0,0,1,0,0,1,1,0,1,1,0,1,1,0,0,0,0,1,0,0
PLUS,22,0,0,1,1,0,0,0,1,0,0,1,0,1,0,1,0,0,1,0,0,0,0,1,1,0
PLUS,23,0,0,1,0,0,0,0,1,0,0,1,1,1,0,1,0,0,1,0,0,0,0,1,0,0
PLUS,24,0,0,1,0,0,0,0,1,0,0,0,1,1,1,1,0,0,1,0,0,1,0,1,0,0
PLUS,25,0,0,1,0,0,0,0,1,0,0,1,1,1,1,1,0,0,1,0,0,0,0,1,0,0
PLUS,26,0,0,1,0,0,0,0,1,0,0,1,1,1,1,1,0,0,1,0,0,1,0,1,0,0
PLUS,27,0,0,1,0,0,0,0,1,0,0,1,1,1,1,1,0,0,1,0,0,0,0,1,0,0
PLUS,28,0,0,1,1,0,0,0,0,0,0,1,0,1,0,1,0,0,1,0,0,0,0,1,0,0
PLUS,29,0,0,0,0,0,0,1,1,0,0,1,1,1,1,1,0,0,1,0,0,0,0,1,0,1
PLUS,30,0,0,1,0,0,0,0,1,1,0,1,1,1,1,1,0,0,1,1,0,0,1,1,0,0
PLUS,31,1,0,1,0,0,1,0,1,0,0,1,1,1,1,1,0,0,1,0,0,0,1,1,1,0
PLUS,32,0,0,1,0,0,0,0,0,0,0,1,1,1,1,1,0,0,1,0,0,0,0,1,0,0
PLUS,33,0,0,1,0,0,0,0,0,0,0,0,1,1,1,1,0,0,1,1,0,0,0,1,1,0
PLUS,34,0,0,1,0,0,0,0,1,0,0,1,1,1,1,1,1,0,1,0,0,0,0,1,0,0
PLUS,35,0,0,1,0,0,0,1,1,0,0,1,1,1,1,1,0,0,1,0,0,0,1,1,0,0
PLUS,36,0,1,1,1,0,0,0,1,0,0,1,1,0,1,1,0,0,1,0,0,0,0,0,0,0
PLUS,37,0,0,0,1,0,0,0,1,0,0,1,1,1,1,1,0,0,1,1,0,1,0,1,0,0
PLUS,38,0,0,0,0,0,0,0,0,0,0,1,0,1,1,1,0,0,1,0,0,0,0,1,1,0
PLUS,39,0,0,1,0,0,0,0,1,1,1,1,1,1,1,1,0,0,1,0,0,0,0,0,0,0
PLUS,40,1,0,1,0,0,0,1,1,1,0,1,1,1,1,1,0,0,1,0,0,0,0,1,0,0
PLUS,41,1,0,1,0,0,0,0,1,0,0,1,1,1,1,1,0,0,1,0,0,0,0,1,0,0
PLUS,42,0,0,1,0,0,0,0,1,0,0,1,1,1,1,1,0,0,1,0,0,0,0,1,0,0
PLUS,43,0,0,1,0,0,0,0,1,0,0,1,1,1,1,1,0,0,1,0,0,0,0,1,0,0
PLUS,44,0,0,1,1,1,0,0,1,0,0,1,1,1,1,1,0,0,0,0,1,0,0,1,0,0
PLUS,45,1,0,1,0,1,0,1,0,0,0,1,1,1,1,1,0,0,1,0,0,0,0,1,0,0
PLUS,46,0,0,1,1,0,0,0,1,0,0,0,0,1,1,1,0,0,1,0,0,0,0,1,1,0
PLUS,47,0,0,1,0,0,0,1,1,0,0,1,1,1,1,1,0,0,1,0,0,0,0,1,0,0
PLUS,48,0,0,1,0,0,0,0,1,0,0,1,1,1,1,1,0,0,1,0,0,0,0,1,0,0
PLUS,49,0,0,1,0,0,0,0,1,0,0,1,1,1,1,1,0,0,1,0,0,0,0,1,0,0
PLUS,50,0,0,0,0,0,0,0,0,0,0,1,1,1,1,1,0,0,1,0,0,0,0,0,0,0
SQUARE,1,1,1,1,1,1,1,0,0,0,1,0,0,0,1,1,1,0,1,0,1,1,1,1,1,1
SQUARE,2,0,1,0,1,1,1,0,0,0,1,1,0,0,0,1,1,1,0,1,1,1,1,1,1,1
SQUARE,3,1,1,1,1,1,1,0,0,0,1,1,0,0,0,1,1,0,0,0,1,1,1,1,1,1
SQUARE,4,1,1,0,1,1,1,0,0,0,1,1,0,0,0,1,1,0,0,0,1,1,1,0,1,1
SQUARE,5,1,1,1,0,1,1,1,0,0,1,1,1,1,0,1,1,0,0,0,1,1,1,1,1,1
SQUARE,6,1,1,1,1,1,1,1,0,0,1,1,0,0,0,1,1,0,0,0,1,1,1,1,1,0
SQUARE,7,0,1,1,1,1,1,0,0,0,1,1,0,0,0,0,1,0,0,0,1,1,1,1,1,1
SQUARE,8,1,1,1,1,1,1,0,0,0,1,1,0,0,0,1,1,0,0,0,1,1,1,1,1,1
SQUARE,9,1,1,0,1,1,1,0,0,0,1,1,0,0,0,1,1,0,0,1,0,1,1,1,1,1
SQUARE,10,0,1,1,1,1,1,0,0,0,1,1,0,0,0,1,1,0,0,0,1,1,1,1,1,0
SQUARE,11,1,1,1,1,0,1,0,0,0,1,1,0,0,0,1,1,0,0,0,1,1,1,1,0,1
SQUARE,12,1,1,1,1,1,1,0,0,0,0,0,0,0,0,1,0,0,0,0,0,1,1,1,1,1
SQUARE,13,1,1,1,1,1,1,0,0,0,1,1,0,0,0,1,1,0,0,0,1,1,1,1,1,1
SQUARE,14,1,1,1,1,1,1,0,0,0,1,1,0,0,0,1,1,0,0,0,1,0,1,1,1,1
SQUARE,15,1,1,1,1,1,1,0,0,0,1,1,0,0,0,1,1,0,0,0,0,1,1,1,1,1
SQUARE,16,1,1,1,1,1,0,0,0,1,1,1,0,0,0,1,1,0,0,0,1,1,1,1,1,1
SQUARE,17,1,1,1,1,1,1,0,0,0,1,1,0,0,1,1,1,0,0,0,1,1,0,0,1,1
SQUARE,18,1,1,1,1,1,1,0,0,0,1,0,0,0,0,1,1,0,0,0,1,1,1,1,1,1
SQUARE,19,1,1,1,1,1,1,0,0,0,1,1,0,0,0,1,1,0,0,0,1,1,1,1,1,1
SQUARE,20,1,1,1,1,1,1,0,0,0,1,1,0,0,0,1,1,0,0,0,1,1,1,1,0,1
SQUARE,21,1,1,0,1,1,1,0,0,0,1,1,0,0,0,1,1,1,0,0,1,1,1,1,1,1
SQUARE,22,1,1,1,1,1,1,1,0,0,1,0,0,1,0,1,1,0,0,0,1,1,1,1,1,0
SQUARE,23,1,1,1,1,1,1,0,0,0,1,1,0,0,0,1,1,0,0,0,0,1,1,1,0,0
SQUARE,24,1,1,1,1,1,1,0,0,0,1,1,0,0,0,1,1,0,0,0,1,1,1,1,1,1
SQUARE,25,1,1,1,1,1,1,0,0,1,1,1,0,0,0,0,1,0,0,0,1,1,1,1,1,1
SQUARE,26,1,1,1,1,1,1,0,0,0,1,1,0,0,0,1,1,0,0,0,1,1,1,1,1,1
SQUARE,27,1,1,1,0,1,1,0,1,0,1,1,0,0,0,1,1,0,0,0,1,1,1,0,0,1
SQUARE,28,1,1,1,1,1,1,0,0,0,1,1,0,0,0,1,1,0,0,0,1,1,1,1,1,1
SQUARE,29,1,1,1,1,1,1,0,0,0,1,1,0,0,0,1,1,0,0,0,1,1,1,1,1,1
SQUARE,30,1,1,1,1,1,1,0,0,0,1,1,0,0,0,0,1,0,0,0,1,1,1,1,1,1
SQUARE,31,1,1,1,1,1,1,0,0,0,1,1,0,0,0,1,1,0,0,0,1,1,1,1,1,1
SQUARE,32,1,1,0,1,1,1,0,0,0,1,1,0,0,1,1,1,0,0,0,1,1,1,1,1,1
SQUARE,33,1,0,1,1,0,1,0,0,0,1,1,0,0,0,1,1,0,0,0,1,1,1,1,1,0
SQUARE,34,1,1,1,1,1,1,0,0,0,1,1,0,1,0,0,1,0,0,0,1,1,1,1,1,1
SQUARE,35,1,1,1,1,1,1,0,1,1,1,1,0,0,0,1,1,0,0,0,0,1,1,1,1,0
SQUARE,36,1,0,1,1,1,1,0,0,0,1,1,0,1,0,1,1,0,0,0,0,1,1,1,1,1
SQUARE,37,1,1,1,1,1,0,0,0,0,1,1,0,0,0,1,1,1,0,0,1,1,1,0,0,1
SQUARE,38,1,0,1,1,1,1,0,0,0,1,1,0,0,0,1,1,0,0,0,1,1,1,1,1,1
SQUARE,39,1,1,1,1,1,1,0,0,0,1,1,0,0,0,1,1,0,0,0,1,1,1,1,1,1
SQUARE,40,1,1,1,1,1,1,0,0,0,1,1,0,0,0,1,1,0,0,0,1,1,1,1,0,1
SQUARE,41,1,1,0,1,1,1,0,0,0,1,1,0,0,0,1,1,0,0,0,1,1,0,1,1,1
SQUARE,42,1,0,0,1,1,1,0,0,0,0,1,0,0,0,1,1,0,0,0,1,1,1,1,0,1
SQUARE,43,1,1,1,1,1,0,0,0,0,1,1,0,0,0,1,1,0,1,0,1,0,1,1,1,0
SQUARE,44,1,1,1,1,1,1,0,0,0,1,1,0,0,0,0,0,0,0,0,1,1,1,1,1,0
SQUARE,45,1,1,1,1,1,1,0,0,0,1,1,0,0,0,1,1,0,0,0,1,1,1,1,1,1
SQUARE,46,1,1,1,1,1,1,0,1,0,1,1,1,1,0,1,1,0,0,0,1,1,1,1,1,0
SQUARE,47,1,1,1,1,1,1,0,0,1,1,1,0,0,0,1,0,1,0,0,1,1,1,1,1,1
SQUARE,48,1,1,1,1,1,1,0,0,0,1,1,0,0,0,1,1,0,0,0,1,1,1,1,1,1
SQUARE,49,1,1,1,1,1,1,0,0,0,1,1,0,0,0,1,1,0,0,0,1,1,1,1,1,1
SQUARE,50,1,1,1,1,0,1,0,0,0,1,1,1,0,0,1,1,0,0,0,1,1,1,1,1,1
T,1,1,1,1,1,1,1,0,1,1,1,0,0,1,0,0,0,0,1,0,0,0,0,1,0,0
T,2,1,1,1,1,1,0,0,0,0,1,1,0,1,0,0,0,0,1,0,0,0,0,1,0,0
T,3,1,1,1,1,1,0,0,0,0,0,0,0,1,0,0,0,0,1,0,0,0,0,1,0,0
T,4,1,1,1,1,1,0,0,1,0,0,0,0,1,0,0,0,1,1,0,0,0,1,0,0,0
T,5,1,1,1,1,1,0,0,0,0,0,0,1,1,1,0,0,0,1,0,0,0,0,1,0,0
T,6,1,1,1,1,1,1,0,1,0,0,0,0,1,0,0,1,0,1,0,0,0,0,1,0,0
T,7,1,1,1,1,1,0,0,1,0,0,0,0,0,0,0,0,0,1,0,1,0,0,1,0,0
T,8,1,1,1,1,1,0,0,1,0,0,0,0,1,0,0,0,0,1,0,0,0,0,1,0,0
T,9,1,1,1,1,0,0,0,1,0,0,0,0,1,0,0,0,0,1,0,0,0,0,1,0,0
T,10,0,1,1,1,0,0,0,1,0,0,0,0,1,0,1,0,0,1,0,0,0,0,1,0,0
T,11,1,1,1,0,1,0,0,1,0,0,0,0,1,0,0,1,0,1,0,0,1,0,0,0,0
T,12,1,1,0,1,1,0,0,1,0,0,0,0,1,1,0,0,0,1,0,0,0,0,1,0,1
T,13,1,1,1,1,1,0,0,1,0,0,0,0,1,0,0,0,0,1,0,0,0,0,1,0,0
T,14,1,1,1,0,1,0,0,1,0,0,1,0,1,0,0,0,0,1,0,1,0,1,1,0,0
T,15,1,1,0,1,1,0,0,1,0,0,0,0,1,0,0,0,0,0,0,0,0,1,0,0,0
T,16,1,1,1,1,1,0,0,1,0,0,0,0,1,0,0,0,0,1,0,0,0,0,1,0,0
T,17,1,1,1,1,1,0,0,1,0,0,0,0,1,0,0,0,0,1,0,0,0,0,1,0,0
T,18,1,1,1,1,0,0,0,1,0,0,0,0,1,0,1,0,0,1,0,0,0,0,1,0,0
T,19,1,1,1,1,1,0,0,1,0,0,0,0,1,0,0,0,0,1,0,0,0,0,1,0,0
T,20,0,1,1,1,1,0,0,1,0,0,0,0,1,0,1,0,0,1,0,0,0,0,1,0,0
T,21,1,1,1,1,1,0,0,1,0,0,0,0,1,1,0,0,1,1,0,0,0,0,1,0,0
T,22,1,1,1,1,1,0,0,1,0,0,0,0,0,0,0,0,0,1,0,1,0,1,1,0,0
T,23,1,1,1,0,1,0,0,1,0,0,0,0,1,0,0,0,0,1,0,0,0,0,1,1,0
T,24,1,1,1,1,1,0,0,1,0,0,0,0,1,0,0,0,0,1,0,0,0,0,1,0,0
T,25,1,1,0,1,1,0,0,1,0,0,0,0,1,0,0,0,0,0,0,0,0,0,1,0,1
T,26,1,1,1,1,1,0,0,1,0,1,0,0,1,0,0,0,0,1,0,1,0,0,0,0,0
T,27,1,1,1,1,1,0,0,0,0,0,0,0,1,0,0,0,0,0,0,0,0,0,0,0,0
T,28,1,1,1,1,1,0,1,1,0,1,0,0,1,0,0,0,0,1,0,1,0,0,1,0,0
T,29,1,1,1,0,1,0,0,1,0,0,0,0,1,0,0,0,0,1,0,0,0,0,1,0,0
T,30,1,0,1,0,1,0,0,1,0,0,0,0,1,1,0,0,0,1,0,0,0,0,0,0,0
T,31,1,1,1,1,1,0,0,1,0,0,0,0,1,0,0,0,0,1,0,0,0,0,1,0,0
T,32,1,1,1,1,0,0,0,1,0,0,0,0,1,1,0,0,0,1,0,0,0,0,1,1,0
T,33,1,1,1,0,1,0,0,1,0,0,0,1,1,0,1,0,0,1,0,0,0,0,1,0,0
T,34,0,1,1,1,1,0,0,1,0,0,0,0,1,0,0,0,1,1,0,0,1,0,1,1,0
T,35,1,1,0,0,1,0,0,1,0,0,0,0,1,0,1,0,0,1,0,1,0,0,1,0,0
T,36,0,1,0,1,1,0,0,1,0,0,0,0,0,0,0,0,0,1,0,0,0,0,1,0,0
T,37,1,1,1,1,1,0,1,1,0,1,0,1,1,0,0,0,0,1,0,0,0,0,1,1,0
T,38,1,1,1,1,1,0,0,1,0,0,0,0,0,0,0,0,0,1,0,0,0,0,1,0,0
T,39,1,1,0,1,1,0,0,1,0,0,0,0,1,1,0,0,1,0,0,0,0,0,1,0,0
T,40,1,1,1,1,1,0,1,1,0,0,0,0,1,0,0,1,0,1,1,0,1,0,1,0,0
T,41,0,1,1,0,1,0,0,1,0,0,0,0,1,0,0,1,1,1,0,0,0,0,1,0,0
T,42,0,1,1,1,1,1,1,1,0,0,0,0,1,0,0,0,0,1,1,0,0,0,1,0,0
T,43,0,1,1,1,0,0,0,1,0,0,0,0,1,0,0,0,0,1,1,0,0,0,1,0,0
T,44,0,1,1,1,1,0,0,1,0,0,0,0,1,0,0,0,0,1,0,0,1,0,1,0,1
T,45,1,1,1,1,1,0,0,1,0,0,0,0,1,0,0,0,0,1,0,0,0,0,1,0,0
T,46,1,1,1,1,1,0,0,1,0,0,0,0,1,1,0,0,0,1,0,1,0,0,0,0,1
T,47,1,0,1,1,1,0,0,1,0,0,0,0,1,0,0,0,0,1,0,0,0,0,1,0,0
T,48,1,1,1,1,1,0,0,1,0,0,0,0,1,0,0,0,0,1,1,0,0,0,1,1,1
T,49,1,1,1,1,1,0,0,1,0,0,0,1,1,0,0,1,0,1,1,0,1,0,1,0,0
T,50,1,1,1,1,1,0,0,1,0,0,0,0,1,0,0,0,0,1,0,0,0,0,1,0,0
L,1,1,0,0,0,0,1,0,0,0,0,1,0,0,0,0,1,0,0,0,0,1,1,1,1,1
L,2,1,0,0,0,0,1,0,0,0,0,1,1,1,0,0,1,0,0,1,0,1,1,1,1,1
L,3,1,0,0,0,0,1,0,0,0,0,1,0,0,0,0,1,0,0,0,0,1,1,1,1,1
L,4,1,0,0,1,0,1,0,0,0,1,1,0,0,0,0,1,0,0,1,1,1,1,1,1,1
L,5,1,0,1,0,0,1,0,0,0,0,1,0,0,0,0,1,0,0,0,0,1,1,1,1,1
L,6,1,0,0,0,0,1,0,0,0,0,1,0,1,0,0,1,0,0,1,0,1,1,1,0,1
L,7,1,0,0,0,0,1,0,0,0,0,1,0,0,0,0,1,0,0,0,0,1,1,1,1,1
L,8,1,0,0,0,0,1,0,0,0,0,1,0,0,0,0,1,0,0,0,0,1,1,1,1,1
L,9,0,1,0,0,0,0,0,0,0,0,1,0,0,0,0,1,0,0,0,0,1,1,1,1,1
L,10,1,0,0,0,1,1,0,0,0,1,1,0,0,0,0,1,0,0,0,0,1,1,1,1,0
L,11,1,0,0,0,0,1,0,0,0,0,1,0,0,0,0,1,0,0,0,0,1,1,1,1,1
L,12,1,0,0,0,0,1,0,0,0,0,1,0,0,0,0,1,0,0,0,0,1,1,1,1,0
L,13,1,0,0,0,0,1,0,0,0,0,1,1,0,1,0,1,0,0,0,0,1,1,1,1,1
L,14,1,0,0,0,0,1,0,0,0,0,1,0,0,0,0,0,0,0,0,0,1,1,1,1,1
L,15,1,0,0,1,0,1,1,0,0,0,0,0,1,0,0,1,0,0,0,0,1,1,1,1,1
L,16,1,0,0,0,0,1,0,0,0,0,1,0,0,1,0,1,0,0,0,0,1,1,1,1,0
L,17,1,0,0,0,0,1,0,0,0,0,1,0,0,0,0,1,1,0,0,0,1,1,1,1,1
L,18,1,0,0,1,0,1,0,0,0,0,1,0,0,0,0,1,0,0,0,0,1,1,0,1,1
L,19,1,0,0,0,0,1,0,0,0,0,1,0,1,0,0,1,0,1,0,0,1,1,1,1,1
L,20,1,0,1,0,0,1,0,0,0,0,0,0,0,0,0,1,0,0,0,0,1,1,1,0,0
L,21,1,0,0,0,0,1,0,0,0,0,1,0,0,0,0,1,0,0,0,0,1,1,1,1,1
L,22,1,0,0,0,0,1,0,0,0,0,1,0,0,0,0,0,0,0,0,0,1,1,1,1,1
L,23,1,0,0,0,0,1,0,0,0,0,1,0,0,0,0,0,0,0,1,0,1,1,1,1,1
L,24,1,0,0,1,0,1,0,0,0,1,1,0,0,0,0,1,0,0,0,0,1,1,0,1,1
L,25,1,0,0,0,0,1,0,0,0,0,1,0,0,0,0,1,0,0,0,0,1,1,1,0,1
L,26,1,0,0,0,0,1,0,1,0,0,1,0,0,0,1,1,0,0,0,0,1,1,1,1,1
L,27,1,0,0,0,0,1,0,0,0,0,1,0,0,0,0,1,0,0,0,0,1,1,1,1,1
L,28,1,0,0,0,0,1,0,0,0,0,0,0,0,0,0,1,0,0,0,0,1,1,1,1,1
L,29,1,0,0,1,0,1,0,0,0,0,1,1,0,0,0,1,0,0,0,0,1,1,1,1,1
L,30,1,0,0,0,0,1,0,0,0,0,1,0,0,0,0,1,0,0,0,0,1,1,1,1,1
L,31,1,0,0,0,0,1,0,0,1,0,1,0,0,0,1,1,0,0,0,0,1,1,1,1,1
L,32,1,0,0,0,0,1,0,0,0,0,1,0,1,0,1,0,0,0,0,0,1,1,1,1,1
L,33,1,0,0,0,0,1,1,0,0,0,1,0,0,0,0,1,0,0,0,0,1,1,1,1,1
L,34,1,0,0,0,1,1,0,1,0,0,1,0,0,1,0,1,0,0,0,0,1,1,1,1,1
L,35,1,0,0,0,0,1,0,0,1,0,1,0,1,0,0,1,0,0,0,0,1,1,1,1,0
L,36,1,0,0,1,0,1,0,0,0,0,1,0,1,0,0,1,0,0,0,0,1,0,1,1,1
L,37,1,0,0,0,0,1,0,0,0,0,1,0,0,1,0,1,0,1,0,0,1,1,1,1,1
L,38,1,0,0,0,0,0,0,1,0,0,1,0,1,0,0,1,0,0,0,0,1,1,1,1,1
L,39,0,0,1,0,0,1,0,0,0,0,1,0,0,0,0,1,0,0,0,0,1,1,1,1,1
L,40,1,0,0,0,0,1,0,0,0,0,1,0,0,0,0,1,0,0,0,0,1,1,1,1,1
L,41,1,1,0,0,0,1,0,0,0,0,1,0,0,0,0,1,0,0,1,0,1,1,0,1,0
L,42,1,0,0,0,1,1,0,0,0,0,1,0,0,0,0,1,0,0,1,0,1,1,1,1,1
L,43,1,0,0,0,0,1,0,0,0,0,1,0,0,0,0,1,0,0,0,0,1,1,1,1,1
L,44,0,0,0,0,0,1,0,0,0,0,0,0,0,0,0,1,0,0,0,0,0,1,1,1,1
L,45,1,0,0,1,0,1,0,0,1,1,1,0,0,0,0,1,0,1,0,0,1,1,1,1,1
L,46,1,0,0,0,0,1,0,0,0,0,1,0,0,0,0,1,0,0,0,0,1,1,1,1,1
L,47,1,0,0,0,0,1,0,0,1,0,1,0,1,0,0,1,0,0,0,0,1,1,1,1,1
L,48,1,0,0,0,0,1,0,0,0,0,1,0,0,0,0,1,0,0,0,0,1,1,1,1,1
L,49,1,0,0,0,0,1,0,1,0,1,0,0,0,0,0,1,0,1,0,0,1,1,1,1,1
L,50,1,0,0,0,0,1,0,0,0,1,1,0,0,0,0,1,0,1,0,0,1,1,1,0,1
DIAMOND,1,0,0,1,0,0,0,1,0,1,0,1,0,0,0,1,0,1,0,1,0,0,0,1,0,0
DIAMOND,2,0,0,1,0,1,0,1,0,1,0,1,0,0,1,1,0,1,0,0,0,0,0,1,0,0
DIAMOND,3,0,0,1,1,0,0,1,0,1,0,0,0,0,0,1,0,1,0,1,0,1,0,1,0,0
DIAMOND,4,0,0,1,0,1,0,1,0,1,0,1,0,1,0,1,0,1,0,1,0,1,0,1,0,1
DIAMOND,5,0,0,1,0,0,0,1,0,1,0,0,0,0,0,1,0,1,0,1,0,0,1,1,0,0
DIAMOND,6,0,0,0,0,0,0,1,0,1,0,1,0,0,0,1,0,1,0,1,0,0,0,1,0,0
DIAMOND,7,1,0,1,0,0,0,1,0,1,0,0,1,0,0,1,0,0,0,1,0,0,0,1,0,0
DIAMOND,8,0,0,1,0,1,0,1,0,1,0,1,0,0,0,1,0,1,0,1,0,0,0,1,0,0
DIAMOND,9,0,0,1,0,0,0,1,0,1,0,1,0,0,0,1,0,1,0,1,0,0,0,0,0,0
DIAMOND,10,1,0,1,0,1,1,1,0,1,0,1,0,0,0,0,0,1,0,1,0,0,0,1,0,0
DIAMOND,11,1,0,1,0,0,0,1,0,1,0,1,1,1,0,1,0,0,0,1,0,0,0,1,0,0
DIAMOND,12,0,0,1,0,0,0,1,0,1,0,1,0,0,1,1,1,1,0,0,1,0,0,1,0,0
DIAMOND,13,0,1,1,0,0,0,1,0,1,0,1,0,0,0,0,0,1,1,1,0,0,0,1,0,0
DIAMOND,14,0,0,1,0,0,0,1,0,0,0,1,0,1,0,1,0,1,0,1,0,0,1,1,0,0
DIAMOND,15,0,0,1,0,0,0,1,0,1,0,1,0,1,0,1,0,1,0,1,0,0,0,1,0,0
DIAMOND,16,0,0,1,0,0,0,1,0,1,0,1,0,0,0,1,0,1,1,0,0,0,0,1,0,0
DIAMOND,17,0,0,1,0,0,0,1,0,1,0,1,0,1,0,1,0,1,0,1,0,0,0,1,0,0
DIAMOND,18,0,0,1,0,0,0,1,1,1,0,1,0,0,0,1,0,1,0,1,0,0,1,1,0,0
DIAMOND,19,0,0,1,0,0,0,1,0,1,0,1,0,0,0,1,0,1,0,1,0,0,0,1,0,0
DIAMOND,20,0,0,1,0,0,0,1,1,0,0,1,0,1,1,1,0,1,0,1,0,0,0,1,0,0
DIAMOND,21,0,0,1,0,0,0,1,0,1,0,1,0,0,0,1,0,1,0,1,0,0,0,1,0,0
DIAMOND,22,0,0,1,0,0,0,1,0,1,0,1,0,0,0,1,0,1,0,1,0,0,0,1,0,0
DIAMOND,23,0,0,1,0,0,0,1,0,1,0,1,0,0,0,1,0,1,0,1,0,0,0,1,0,1
DIAMOND,24,0,0,1,0,1,0,1,0,1,1,1,0,0,1,0,0,1,0,1,0,0,0,1,0,0
DIAMOND,25,0,0,1,0,0,0,1,0,1,0,1,0,0,0,1,0,1,0,1,0,0,0,1,0,0
DIAMOND,26,1,0,1,0,0,0,1,0,1,0,1,0,0,0,1,0,1,0,1,0,0,0,1,0,0
DIAMOND,27,0,0,1,0,0,0,1,0,1,0,1,1,0,0,1,0,0,0,1,0,0,1,1,0,0
DIAMOND,28,0,0,1,0,0,0,1,0,1,0,1,0,0,0,1,0,1,0,1,0,0,0,1,0,0
DIAMOND,29,1,0,1,0,0,0,1,0,1,0,1,0,0,1,1,0,1,0,1,0,0,0,1,0,0
DIAMOND,30,0,0,1,0,1,0,1,0,1,0,1,0,0,0,1,0,1,0,1,0,0,0,1,0,0
DIAMOND,31,0,0,1,0,0,0,1,0,1,0,1,0,1,0,1,1,1,1,1,0,0,0,1,0,0
DIAMOND,32,0,0,1,0,0,0,1,0,1,0,1,1,0,0,1,0,1,0,1,0,1,0,1,0,1
DIAMOND,33,0,0,1,0,0,0,0,0,1,0,1,1,0,0,1,0,0,0,1,0,0,0,1,0,1
DIAMOND,34,0,1,0,0,0,0,1,0,1,0,1,0,1,0,1,0,1,0,0,0,0,0,1,0,0
DIAMOND,35,0,0,1,0,0,0,1,0,1,0,1,0,0,0,1,0,0,0,1,0,0,0,1,1,0
DIAMOND,36,0,0,0,1,0,0,1,1,1,0,1,0,0,0,1,0,1,0,1,0,0,0,0,0,0
DIAMOND,37,1,0,1,0,0,0,1,0,0,0,1,0,0,0,0,0,1,0,1,0,0,0,1,0,0
DIAMOND,38,0,0,1,0,0,0,1,0,1,0,1,0,0,0,1,0,1,0,1,0,0,0,1,0,0
DIAMOND,39,0,0,1,0,0,0,1,0,1,0,1,0,0,0,1,0,1,0,0,0,0,0,1,0,1
DIAMOND,40,0,0,1,0,0,0,1,0,0,0,1,1,0,0,1,0,1,0,1,1,0,1,1,0,0
DIAMOND,41,0,0,1,0,0,0,1,0,1,0,1,0,0,0,1,0,1,0,1,0,0,0,1,0,0
DIAMOND,42,0,0,0,0,0,1,1,0,1,0,1,0,0,0,0,0,1,0,1,0,0,0,1,0,0
DIAMOND,43,0,0,1,0,0,1,1,0,1,0,0,0,0,0,1,0,1,0,1,0,1,1,1,0,0
DIAMOND,44,0,0,1,0,0,0,1,0,1,0,1,0,0,0,1,0,1,0,1,0,0,0,1,1,0
DIAMOND,45,0,0,1,0,0,0,1,0,1,0,1,0,0,0,1,0,1,0,1,0,0,0,1,0,0
DIAMOND,46,0,0,0,0,0,0,1,0,1,0,1,0,0,0,1,0,1,0,1,0,0,0,1,0,0
DIAMOND,47,0,0,1,0,0,0,1,0,1,0,1,0,0,0,0,0,0,1,1,0,0,0,1,1,0
DIAMOND,48,0,0,1,0,0,0,1,0,1,1,1,0,0,0,1,0,1,1,1,0,1,0,1,0,0
DIAMOND,49,0,0,0,0,0,1,1,0,1,0,1,0,0,0,0,0,1,0,1,0,0,0,1,0,1
DIAMOND,50,0,0,1,0,0,0,0,0,1,0,1,1,0,1,1,0,0,0,1,0,0,0,1,0,0
H_LINE,1,0,0,0,0,0,0,0,0,0,0,1,1,1,1,0,0,1,0,0,0,1,0,0,0,0
H_LINE,2,0,0,0,0,0,0,0,0,0,0,1,1,1,0,1,0,0,0,0,0,1,0,0,0,0
H_LINE,3,0,0,0,0,0,0,0,1,0,0,1,1,1,1,1,0,0,0,0,1,0,1,0,0,0
H_LINE,4,0,0,1,0,0,0,0,0,0,1,1,1,1,1,1,0,0,0,0,0,0,0,0,0,0
H_LINE,5,0,0,0,0,0,0,0,0,0,0,1,1,1,1,1,0,0,0,0,0,0,1,0,0,1
H_LINE,6,0,1,0,0,0,0,0,0,1,0,1,1,1,1,1,0,1,0,0,0,0,0,0,0,0
H_LINE,7,0,0,0,0,0,0,0,0,0,0,1,1,1,0,1,0,0,0,0,1,0,0,0,0,0
H_LINE,8,0,0,0,0,0,0,1,0,0,0,0,1,1,1,1,0,0,0,1,0,0,0,0,0,0
H_LINE,9,0,0,0,0,0,0,0,0,0,0,1,1,1,1,1,0,0,0,0,0,0,0,0,0,0
H_LINE,10,0,0,0,0,1,0,0,0,0,0,1,1,1,1,1,0,0,0,0,0,0,0,0,0,1
H_LINE,11,0,1,0,0,0,0,0,0,0,0,1,1,1,1,0,0,1,0,0,0,0,0,0,0,0
H_LINE,12,0,0,0,1,1,0,0,0,1,0,1,0,1,1,1,0,0,0,0,0,0,0,0,0,0
H_LINE,13,0,0,0,0,0,0,0,0,0,0,1,1,1,1,1,0,0,0,0,0,0,0,0,0,0
H_LINE,14,0,0,0,0,0,1,0,0,0,0,1,1,1,1,1,0,0,0,0,0,0,0,0,0,0
H_LINE,15,1,0,0,0,0,0,0,1,0,0,1,1,1,1,1,0,0,0,0,0,0,0,0,0,0
H_LINE,16,0,0,0,0,0,0,0,0,1,0,1,0,1,0,1,0,0,0,0,0,1,0,0,0,0
H_LINE,17,0,0,0,0,0,0,0,0,0,0,1,0,0,1,1,0,1,0,0,0,0,0,0,0,1
H_LINE,18,0,0,0,0,0,1,0,0,0,0,1,1,1,1,1,0,0,0,0,0,0,0,0,0,0
H_LINE,19,0,0,0,0,0,0,0,1,0,0,1,1,1,1,1,0,0,0,0,0,0,0,1,0,0
H_LINE,20,0,0,0,0,0,0,0,0,0,0,1,1,1,0,1,0,0,0,0,0,0,0,0,0,0
H_LINE,21,0,0,0,0,1,0,0,0,0,0,1,1,1,1,0,1,1,0,0,0,0,0,0,0,0
H_LINE,22,0,0,0,0,1,1,1,1,0,0,1,1,1,1,1,0,0,0,0,0,0,0,0,0,0
H_LINE,23,0,0,0,0,0,0,0,0,0,0,1,1,1,1,1,0,0,0,0,0,0,0,0,0,0
H_LINE,24,0,1,0,0,0,0,0,0,0,0,1,1,1,1,1,0,0,0,0,0,0,0,0,0,0
H_LINE,25,0,0,0,0,0,0,1,0,0,0,1,1,1,1,1,0,0,0,0,1,0,0,0,0,0
H_LINE,26,0,0,0,0,0,0,0,0,0,0,0,1,1,1,0,0,0,0,0,0,0,1,0,0,0
H_LINE,27,0,0,0,0,0,0,1,0,0,0,1,1,0,1,1,1,0,0,0,0,1,0,0,0,0
H_LINE,28,0,0,0,0,1,0,0,0,0,0,0,1,1,1,1,0,0,0,0,0,0,0,0,0,1
H_LINE,29,0,0,0,0,0,0,0,0,0,0,1,1,1,1,1,0,0,0,0,0,0,0,0,0,0
H_LINE,30,0,0,0,0,0,0,0,1,0,0,1,1,1,1,1,1,0,0,0,0,0,0,0,0,0
H_LINE,31,0,0,0,0,0,0,0,0,0,0,0,0,1,1,1,0,0,0,0,0,0,0,1,0,0
H_LINE,32,0,0,1,0,0,0,0,1,0,0,1,1,1,1,1,0,0,1,0,0,0,1,0,0,0
H_LINE,33,0,1,0,0,0,0,0,0,0,0,1,1,1,1,1,0,0,0,0,0,0,0,0,0,1
H_LINE,34,0,0,0,0,0,0,0,0,0,0,1,1,0,1,1,0,0,0,0,0,0,0,0,0,0
H_LINE,35,0,1,0,0,0,0,0,1,0,0,1,1,1,1,1,0,0,0,0,0,0,0,0,0,1
H_LINE,36,0,1,0,0,0,0,0,0,1,0,1,1,1,1,1,0,0,0,1,0,0,0,0,0,0
H_LINE,37,0,0,0,0,1,0,0,0,0,0,1,1,1,1,1,0,0,0,0,0,0,0,0,0,1
H_LINE,38,0,0,0,0,0,1,0,0,0,1,1,1,1,1,1,0,0,0,0,0,0,0,0,0,0
H_LINE,39,0,0,0,0,0,0,0,0,0,0,1,1,1,1,1,0,0,0,0,0,0,0,0,0,0
H_LINE,40,0,0,0,0,0,0,0,0,0,0,1,1,1,1,1,0,0,0,0,0,0,0,0,0,0
H_LINE,41,0,0,1,0,0,0,0,0,0,0,1,1,1,1,1,0,0,0,0,0,0,0,0,0,0
H_LINE,42,0,0,0,0,1,0,0,0,0,0,1,1,1,1,1,0,0,0,0,0,1,0,0,0,0
H_LINE,43,0,0,0,0,0,0,0,0,0,0,1,1,1,1,1,0,0,0,0,0,0,0,0,0,0
H_LINE,44,0,0,0,0,0,0,1,0,0,0,1,1,0,1,1,0,0,0,0,0,0,0,0,0,0
H_LINE,45,0,0,0,0,0,0,0,0,0,0,0,1,1,1,1,0,0,0,0,0,0,0,0,0,0
H_LINE,46,0,0,0,0,0,0,0,0,0,0,1,1,1,0,1,0,0,0,0,1,0,0,0,0,0
H_LINE,47,0,0,0,0,0,1,0,0,1,0,1,0,1,1,1,0,0,0,0,0,0,0,0,1,0
H_LINE,48,0,0,0,0,0,0,0,0,0,0,1,1,1,1,1,0,0,1,0,0,1,0,0,0,0
H_LINE,49,0,0,0,0,0,0,0,0,0,0,1,1,1,1,1,0,0,0,1,0,0,0,0,0,0
H_LINE,50,0,0,0,0,0,0,1,0,0,0,1,1,1,1,1,0,0,0,0,0,0,0,0,0,0
V_LINE,1,0,1,1,0,0,0,0,1,0,0,1,1,1,0,0,0,0,1,0,0,0,0,1,0,1
V_LINE,2,0,0,1,0,0,0,0,1,0,0,0,0,1,0,0,0,0,1,0,0,0,0,1,0,0
V_LINE,3,0,1,1,1,0,0,0,0,0,0,0,0,1,0,0,0,0,1,0,0,0,0,1,0,0
V_LINE,4,0,0,1,0,0,0,0,1,0,0,0,0,1,0,0,0,0,1,0,0,0,0,1,0,0
V_LINE,5,0,0,1,0,0,0,0,1,0,0,0,0,1,0,0,0,0,1,0,0,0,0,1,0,0
V_LINE,6,1,0,1,1,1,0,0,1,0,0,0,0,1,0,0,0,0,1,1,0,0,0,1,0,0
V_LINE,7,0,0,0,0,0,1,0,1,0,0,0,0,1,0,0,0,0,1,0,0,0,0,1,0,0
V_LINE,8,0,0,1,0,0,0,0,1,0,0,0,0,1,0,1,0,0,1,0,0,0,0,1,0,0
V_LINE,9,1,0,1,0,0,0,0,1,0,0,0,1,1,0,0,0,0,1,0,1,0,0,1,0,0
V_LINE,10,0,0,1,0,0,0,0,1,0,0,0,1,1,0,1,0,0,1,0,0,0,0,1,0,0
V_LINE,11,0,0,1,0,0,0,0,0,0,0,0,0,1,0,0,0,0,0,0,0,1,0,0,0,0
V_LINE,12,0,0,1,0,0,0,0,1,0,0,1,0,1,0,0,0,0,1,0,0,0,0,1,0,1
V_LINE,13,0,1,1,0,0,0,0,1,1,0,0,0,1,0,0,0,0,1,1,0,0,1,1,0,0
V_LINE,14,0,0,0,0,0,0,0,1,0,0,0,0,1,0,0,0,0,1,0,1,0,0,1,0,0
V_LINE,15,0,0,1,0,0,1,0,1,0,0,0,0,1,0,0,0,0,1,0,0,0,0,1,0,0
V_LINE,16,0,0,1,0,0,0,0,1,0,1,0,0,1,0,0,1,0,1,0,0,0,0,1,0,0
V_LINE,17,1,1,1,0,0,0,0,1,0,0,0,0,1,0,0,0,0,1,1,1,0,0,1,0,0
V_LINE,18,0,0,1,1,0,0,0,1,0,0,0,0,1,0,0,1,0,1,1,0,0,0,1,0,0
V_LINE,19,0,0,1,0,0,0,0,1,0,0,0,0,1,0,0,0,0,1,1,0,0,0,1,0,0
V_LINE,20,0,0,0,1,0,0,1,1,0,0,0,0,1,0,0,0,0,1,0,0,0,1,1,0,0
V_LINE,21,0,0,1,1,0,0,0,1,0,0,0,0,1,0,0,0,1,0,0,0,0,0,1,0,0
V_LINE,22,0,0,0,0,0,0,0,1,0,0,0,1,1,0,0,0,0,1,0,0,0,0,1,0,1
V_LINE,23,1,0,1,0,0,0,0,1,0,0,0,0,0,0,1,0,0,1,0,0,0,0,1,1,0
V_LINE,24,0,0,0,0,0,0,0,1,0,0,0,0,1,0,0,0,0,1,0,0,0,1,1,0,0
V_LINE,25,0,0,1,0,1,0,0,1,0,0,0,0,0,0,0,0,0,1,0,0,0,0,1,0,0
V_LINE,26,0,0,1,0,0,0,0,1,0,0,0,0,1,0,0,0,0,1,0,0,0,0,1,0,0
V_LINE,27,0,0,1,0,0,0,0,1,0,0,0,0,1,0,0,0,0,1,1,0,0,0,1,0,0
V_LINE,28,0,0,1,0,0,0,0,1,0,0,0,0,1,0,0,0,0,1,0,0,0,0,1,0,0
V_LINE,29,0,0,1,1,0,0,0,1,0,0,0,0,1,0,1,0,0,1,0,0,0,0,1,0,0
V_LINE,30,0,0,1,0,0,0,0,1,0,0,0,0,1,0,0,0,1,1,0,0,0,0,1,0,0
V_LINE,31,1,1,1,0,1,0,0,1,0,0,0,0,1,0,0,0,0,1,1,0,0,0,1,0,0
V_LINE,32,0,0,1,0,0,0,1,1,0,0,0,0,1,0,0,1,0,1,0,1,0,0,0,0,0
V_LINE,33,0,0,1,0,0,0,0,1,0,1,0,0,1,0,0,0,0,1,1,0,0,0,1,0,0
V_LINE,34,0,0,1,0,0,0,0,1,0,0,0,0,1,0,0,0,0,0,0,1,0,0,1,0,0
V_LINE,35,0,0,1,0,0,0,0,1,0,0,0,0,1,0,0,0,0,1,1,0,0,0,1,0,0
V_LINE,36,0,0,1,1,0,0,0,1,0,0,1,0,1,0,0,0,0,1,0,0,0,0,0,0,0
V_LINE,37,1,0,1,0,0,0,0,1,1,0,0,0,1,0,0,0,0,1,0,1,0,0,0,0,0
V_LINE,38,0,0,0,0,0,0,0,1,0,0,0,0,1,0,0,0,1,0,0,0,0,1,1,0,0
V_LINE,39,0,0,1,1,0,0,0,1,1,0,0,0,1,0,0,0,0,1,0,0,0,0,1,0,0
V_LINE,40,0,0,1,0,1,0,0,1,0,0,0,0,1,0,0,0,0,1,0,0,0,0,1,0,0
V_LINE,41,0,0,1,0,1,0,0,1,0,0,0,0,1,0,0,0,0,1,0,0,0,1,0,0,0
V_LINE,42,0,0,1,0,0,1,0,1,0,0,0,0,1,0,0,0,0,1,0,0,0,0,1,0,0
V_LINE,43,0,0,1,0,0,0,0,1,0,0,0,1,1,0,0,0,0,1,0,0,0,0,1,0,0
V_LINE,44,0,0,1,0,0,0,0,1,0,0,0,0,1,0,1,0,1,1,0,0,0,1,1,0,1
V_LINE,45,0,0,1,0,0,0,0,1,0,0,0,0,1,0,0,0,0,1,0,0,0,0,1,0,0
V_LINE,46,0,0,1,0,0,0,0,1,0,0,0,0,1,1,0,1,0,0,0,0,0,0,1,0,0
V_LINE,47,0,0,0,0,0,0,0,1,0,0,1,0,1,0,0,0,0,1,0,0,0,0,1,0,0
V_LINE,48,0,0,1,0,0,0,0,1,0,0,0,0,1,0,0,1,0,1,0,1,1,0,1,0,1
V_LINE,49,0,0,1,0,0,0,0,1,0,0,1,0,1,0,0,0,0,1,0,0,0,0,1,0,0
V_LINE,50,1,0,1,0,0,1,0,1,0,0,1,0,1,0,0,0,0,1,0,0,0,0,1,0,0
